label,n_sims,n_steps,n_assets,elapsed_s,throughput,ret_mean,ret_std,var95
CPU-vetorizado,10000,252,49,1.0513,9512.0,0.0977381095290184,0.045295391231775284,0.025736473500728607
GPU-CUDA (indisponível),10000,252,49,,,,,
CPU-batched(b=20k),100000,252,49,9.3422,10704.0,0.0981924831867218,0.045456502586603165,0.02598320133984089
GPU-CUDA (indisponível),100000,252,49,,,,,
CPU-batched(b=20k),500000,252,49,46.3335,10791.0,0.09775875508785248,0.045420706272125244,0.02550503797829151
GPU-CUDA (indisponível),500000,252,49,,,,,
