label,n_sims,n_steps,n_assets,elapsed_s,throughput,ret_mean,ret_std,var95,speedup
CPU-vetorizado,10000,252,50,2.8661,3489,0.09881404787302017,0.04506872221827507,0.02693314477801323,
GPU-CUDA,10000,252,50,0.1185,84395,0.09838233888149261,0.04582053795456886,0.025619279593229294,24.2
CPU-batched(b=20k),100000,252,50,27.8178,3594,0.09826867282390594,0.04552360624074936,0.02586289495229721,
GPU-CUDA,100000,252,50,0.2895,345432,0.09805317223072052,0.045473404228687286,0.025687770918011665,96.1
CPU-batched(b=20k),500000,252,50,140.0282,3570,0.09811969101428986,0.04554944485425949,0.025583583861589432,
GPU-CUDA,500000,252,50,0.6845,730465,0.09809605032205582,0.0455368272960186,0.025626158341765404,204.6
