label,n_sims,n_steps,n_assets,elapsed_s,throughput,ret_mean,ret_std,var95,speedup
CPU-vetorizado,10000,252,50,6.7753,1475,0.09881404787302017,0.04506872221827507,0.02693314477801323,
GPU-CUDA,10000,252,50,0.0723,138366,0.09838233888149261,0.04582053795456886,0.025619279593229294,93.7
CPU-batched(b=20k),100000,252,50,75.846,1318,0.09826867282390594,0.04552360624074936,0.02586289495229721,
GPU-CUDA,100000,252,50,0.3792,263724,0.09805317223072052,0.045473404228687286,0.025687770918011665,200.0
CPU-batched(b=20k),500000,252,50,304.3952,1642,0.09811969101428986,0.04554944485425949,0.025583583861589432,
GPU-CUDA,500000,252,50,0.7047,709538,0.09809610247612,0.045537665486335754,0.025625882670283318,432.0
