label,n_sims,n_steps,n_assets,elapsed_s,throughput,ret_mean,ret_std,var95,speedup
CPU-vetorizado,10000,252,49,2.8406,3520,0.0977381095290184,0.045295391231775284,0.02573646977543831,
GPU-CUDA,10000,252,49,0.1218,82082,0.0975845605134964,0.04543760418891907,0.025333020836114883,23.3
CPU-batched(b=20k),100000,252,49,25.1694,3973,0.0981924831867218,0.045456502586603165,0.025983214378356934,
GPU-CUDA,100000,252,49,0.2769,361098,0.09745277464389801,0.04534536600112915,0.025242725387215614,90.9
CPU-batched(b=20k),500000,252,49,140.8958,3548,0.09775875508785248,0.045420706272125244,0.02550503797829151,
GPU-CUDA,500000,252,49,0.5973,837078,0.09775801748037338,0.04540193825960159,0.025472890585660934,235.9
