feature,importance
sharpe_naive,0.7726441461366016
sharpe_cov,0.15094855967435666
sigma_w,0.050551764158242515
port_var,0.007018230600780599
port_std,0.00621865257586117
w_in_top_quartile,0.00413368230601563
w_in_bottom_quartile,0.002043911651750558
corr_mean_w,0.0012954766551702987
w_max,0.00113098681273395
mu_w,0.0011153496833744322
entropy,0.0009784756936871194
w_min,0.0008517236736051745
n_effective,0.0004337172194487284
w_std,0.0003367711312244939
herfindahl,0.00029855202714698464
