feature,importance
sharpe_naive,0.7424291776530354
sharpe_cov,0.17868591995762276
sigma_w,0.05083238163603927
port_std,0.006742180656603186
port_var,0.006707087392365471
w_in_top_quartile,0.004322624551569718
w_in_bottom_quartile,0.0020170443362638067
w_min,0.0017629054132885444
corr_mean_w,0.0015980780420789239
mu_w,0.001459777200133171
w_max,0.0012981353635946329
entropy,0.0009067130614861175
n_effective,0.0004981615584875328
w_std,0.00039158311402869234
herfindahl,0.0003482300634028803
