feature,importance
sharpe_naive,0.5777967994875913
sharpe_cov,0.3737062551525563
sigma_w,0.03017075027207017
port_std,0.004761942826564035
w_in_top_quartile,0.0028866625963182733
port_var,0.0028596445304489987
mu_w,0.0015977125416049192
w_in_bottom_quartile,0.001538825231679646
w_max,0.0013298718074230206
corr_mean_w,0.001051372737136592
entropy,0.000669125080502035
w_min,0.0005729100343566129
n_effective,0.0005287931164017033
w_std,0.00032229867038481515
herfindahl,0.0002070359149615336
